Workbook

Sheet Fortification
A1: Vehicle | B1: Nutrient | C1: Risk or Disease | D1: Data need | E1: Measure | F1: Units | G1: Value | H1: Uncertainty | I1: Year | J1: Data source author | K1: Data source Title | L1: URL | M1: Notes
A2: Rice | B2: iron + other | C2: anemia, birthweight, maternal disorders | D2: iron fortification/consumption effect on hemoglobin | E2: mean difference | F2: g/L | G2: 3.24 | H2: 0.9-5.7 | I2: 2025 | J2: Dorbu et al.* | K2: Nutritional Anemia Reductions Due to Food Fortification Among Women of Childbearing Age: A Literature Review and Bayesian Meta-Analysis | L2: https://onlinelibrary.wiley.com/doi/full/10.1111/mcn.13801 | M2: Included studies of foods fortified with any nutrient contributing to hemoglobin biology: iron, folic acid, B12, riboflavin, vitamin A, vitamin C, zinc, and or vitamin E
A3: Condiments | B3: iron + other | C3: anemia, birthweight, maternal disorders | D3: iron fortification/consumption effect on hemoglobin | E3: mean difference | F3: g/dL | G3: 6.22 | H3: 1.60-10.83 | I3: 2023 | J3: Jalal et al. | K3: Fortification of condiments and seasonings with iron for preventing anaemia and improving health | L3: https://www.cochranelibrary.com/cdsr/doi/10.1002/14651858.CD009604.pub2/full | M3: Fortification of condiments, not specific to bouillon. very low‐certainty evidence
A4: Any | B4: iron | C4: anemia, birthweight, maternal disorders | D4: iron fortification/consumption effect on hemoglobin | E4: mean difference | F4: g/L | G4: 4.2 | H4: 2.8-5.6 | I4: 2012 | J4: Gera et al.* | K4: Effect of iron-fortified foods on hematologic and biological outcomes: systematic review of randomized controlled trials | L4: https://www.sciencedirect.com/science/article/pii/S0002916523028915 | M4: Fortification of any food, not specific to bouillon
A5: Any | B5: iron | C5: anemia, birthweight, maternal disorders | D5: iron fortification/consumption effect on hemoglobin | E5: weighted mean difference | F5: g/L | G5: 4.45 | H5: 2.73-6.17 | I5: 2020 | J5: Athe et al. | K5: Meta-analysis approach on iron fortification and its effect on pregnancy and its outcome through randomized, controlled trials | L5: https://pmc.ncbi.nlm.nih.gov/articles/PMC7114015/ | M5: Specific to pregnant women, also reports effects on iron deficiency anemia and LBW
A6: Any | B6: iron | C6: birthweight | D6: Iron fortification/consumption effect on birthweight | E6: Mean difference | F6: g/(mg/person-day) | G6: 1.67 | H6: 0.729-2.611 | I6: 2013 | J6: Haider et al.* | K6: Anaemia, prenatal iron use, and risk of adverse pregnancy outcomes: systematic review and meta-analysis | L6: https://doi.org/10.1136/bmj.f3443 | M6: From Table 4. This source also contains other iron effect sizes that could be useful for comparison, e.g., dose-response of Hb on birthweight, and effect on LBW
A7: Salt | B7: folic acid + iodine | C7: NTDs | D7: 99 ppm folic acid fortification/consumption effect on RBC folate | E7: geometric mean ratio | F7: ratio | G7: 2.79 | H7: 2.58-3.01 | I7: 2026 | J7: Tessema et al. | K7: Folic acid fortification of iodized salt improves the folate status of nonpregnant adult Ethiopian females and does not impair their iodine status: a community-based, household-randomized, dose-response trial | L7: https://pubmed.ncbi.nlm.nih.gov/41611087/ | M7: Sounds extremely relevant to our Ethiopia/Salt/FA scenario
A8: Salt | B8: folic acid + iodine | C8: NTDs | D8: 36 ppm folic acid fortification/consumption effect on RBC folate | E8: geometric mean ratio | F8: ratio | G8: 1.99 | H8: 1.85-2.15 | I8: 2026 | J8: Tessema et al. | K8: Folic acid fortification of iodized salt improves the folate status of nonpregnant adult Ethiopian females and does not impair their iodine status: a community-based, household-randomized, dose-response trial | L8: https://pubmed.ncbi.nlm.nih.gov/41611087/ | M8: Sounds extremely relevant to our Ethiopia/Salt/FA scenario
A9: Any | B9: folic acid | C9: NTDs | D9: folic acid fortification/consumption effect on RBC folate | I9: 2019 | J9: Crider et al. | K9: Systematic Review and Bayesian Meta-analysis of the Dose-response Relationship between Folic Acid Intake and Changes in Blood Folate Concentrations | L9: https://pmc.ncbi.nlm.nih.gov/articles/PMC6356991/
A10: Natural foods | B10: folate | C10: NTDs | D10: folic acid fortification/consumption effect on RBC folate | I10: 2015 | J10: Marchetta et al.* | K10: Assessing the association between natural food folate intake and blood folate concentrations: a systematic review and Bayesian meta-analysis of trials and observational studies | L10: https://pubmed.ncbi.nlm.nih.gov/25867949/
A11: Rice | B11: iron, FA, other | D11: external validation comparison | I11: 2026 | J11: Tiwari et al | K11: Impact assessment of fortified rice under the public distribution system: evidence from the tribal regions of Gujarat | L11: https://pubmed.ncbi.nlm.nih.gov/41994527/ | M11: Evaluation of PDS in Gujarat
A12: Rice | B12: iron, FA, other | D12: external validation comparison | I12: 2025 | J12: Thankachan et al | K12: Assessing the effect of Government of India’s pilot scheme on rice fortification and other etiological factors on the prevalence of anaemia among non-pregnant women in Odisha and Uttar Pradesh | L12: https://www.medrxiv.org/content/10.1101/2025.04.30.25326719v1.full
A13: Rice | D13: another modeling study | I13: 2026 | J13: Luo et al | K13: Quantifying the Potential Impact of Food Fortification on Iron Intake, Hemoglobin Concentration and Anemia Prevalence Among Women of Reproductive Age in India | L13: https://pmc.ncbi.nlm.nih.gov/articles/PMC13501248/
A14: Multiple | B14: FA | D14: external validation comparison | I14: 2026 | J14: Moges et al | K14: The effectiveness of mandatory folic acid fortification compared with pre-fortification periods on reducing neural tube defects (NTDs): a systematic review and meta-analysis | L14: https://pmc.ncbi.nlm.nih.gov/articles/PMC12888319/ | M14: See also https://pubmed.ncbi.nlm.nih.gov/42280401/ which criticizes this sort of approach
A15: Bouillon | B15: iron + other | D15: another modeling study | I15: 2025 | J15: Vosti et al | K15: Cost‐Efficiency and Cost‐Effectiveness of Alternative Bouillon Fortification Programs: Evidence for Burkina Faso, Nigeria, and Senegal | L15: https://pmc.ncbi.nlm.nih.gov/articles/PMC12917931/
L16: https://nyaspubs.onlinelibrary.wiley.com/doi/epdf/10.1111/nyas.13511?getft_integrator=sciencedirect_contenthosting&src=getftr&utm_source=sciencedirect_contenthosting | M16: RBC folate & NTD
A17: Salt | B17: folate, Zn | C17: NTDs | D17: folate consumption by quintile | I17: 2024 | J17: Saje et al.* | K17: Modeling the Contribution of Multiple Micronutrient Fortification of Salt to Daily Nutrient Intake Among the Ethiopian Population | L17: https://cdn.nutrition.org/article/S2475-2991%2824%2901728-1/fulltext
A18: Multiple | B18: folate, other | C18: NTDs | D18: folate consumption in India | I18: 2023 | J18: Mediratta et al.* | K18: Intake of ultra-processed food, dietary diversity and the risk of nutritional inadequacy among adults in India | L18: https://pmc.ncbi.nlm.nih.gov/articles/PMC10755415/pdf/S1368980023002112a.pdf

Sheet OLD vehicle consumption
A1: Country | B1: Vehicle | C1: Quintile | D1: Population | E1: Data need | F1: Data point name | G1: Units | H1: Year | I1: Data source | J1: Value | K1: CI | L1: CI Type | M1: SE | N1: Notes
A2: Nigeria | B2: Wheat | C2: Total | D2: Non-pregnant WRA | E2: Vehicle consumption by WRA -- any | F2: percentage | G2: % | H2: 2021 | I2: Nigeria National Food Consumption and Micronutrient Status Survey (NFCMS), Table 146, p 191 | J2: 28.2 | K2: [24.3, 32.2] | L2: 95% CI | N2: the NFCMS Annex 38 (p 544) should have included vehicle consumption percentage and 95% CI for pregnant women and children U5 groups, but looks like the pdf has a printing error in the table (title states wheat flour, but header rows indicate vegetable oil comsumption values). maybe we can use non-pregnant WRA values for pregnant women and children U5?
A3: Nigeria | B3: Wheat | C3: Lowest | D3: Non-pregnant WRA | E3: Vehicle consumption by WRA -- any | F3: percentage | G3: % | H3: 2021 | I3: NFCMS, Table 146, p 191 | J3: 19.1 | K3: [14.3, 24.0] | L3: 95% CI
A4: Nigeria | B4: Wheat | C4: Second | D4: Non-pregnant WRA | E4: Vehicle consumption by WRA -- any | F4: percentage | G4: % | H4: 2021 | I4: NFCMS, Table 146, p 191 | J4: 25.3 | K4: [19.5, 31.2] | L4: 95% CI
A5: Nigeria | B5: Wheat | C5: Middle | D5: Non-pregnant WRA | E5: Vehicle consumption by WRA -- any | F5: percentage | G5: % | H5: 2021 | I5: NFCMS, Table 146, p 191 | J5: 30.5 | K5: [24.6, 36.5] | L5: 95% CI
A6: Nigeria | B6: Wheat | C6: Fourth | D6: Non-pregnant WRA | E6: Vehicle consumption by WRA -- any | F6: percentage | G6: % | H6: 2021 | I6: NFCMS, Table 146, p 191 | J6: 33.3 | K6: [28.2, 38.5] | L6: 95% CI
A7: Nigeria | B7: Wheat | C7: Highest | D7: Non-pregnant WRA | E7: Vehicle consumption by WRA -- any | F7: percentage | G7: % | H7: 2021 | I7: NFCMS, Table 146, p 191 | J7: 35.3 | K7: [28.0, 42.6] | L7: 95% CI
A8: Nigeria | B8: Wheat | C8: Total | D8: Non-pregnant WRA | E8: Vehicle consumption by WRA -- amount | F8: mean | G8: g/day | H8: 2021 | I8: NFCMS, Table 147, p 193 | J8: 39 | K8: [35.1, 42.9] | L8: 95% CI | M8: 2
A9: Nigeria | B9: Wheat | C9: Lowest | D9: Non-pregnant WRA | E9: Vehicle consumption by WRA -- amount | F9: mean | G9: g/day | H9: 2021 | I9: NFCMS, Table 147, p 193 | J9: 16.1 | K9: [12.6, 19.6] | L9: 95% CI | M9: 1.8
A10: Nigeria | B10: Wheat | C10: Second | D10: Non-pregnant WRA | E10: Vehicle consumption by WRA -- amount | F10: mean | G10: g/day | H10: 2021 | I10: NFCMS, Table 147, p 193 | J10: 23.4 | K10: [18.7, 28.2] | L10: 95% CI | M10: 2.4
A11: Nigeria | B11: Wheat | C11: Middle | D11: Non-pregnant WRA | E11: Vehicle consumption by WRA -- amount | F11: mean | G11: g/day | H11: 2021 | I11: NFCMS, Table 147, p 193 | J11: 38.2 | K11: [31.5, 44.8] | L11: 95% CI | M11: 3.4
A12: Nigeria | B12: Wheat | C12: Fourth | D12: Non-pregnant WRA | E12: Vehicle consumption by WRA -- amount | F12: mean | G12: g/day | H12: 2021 | I12: NFCMS, Table 147, p 193 | J12: 49.3 | K12: [43.0, 55.6] | L12: 95% CI | M12: 3.2
A13: Nigeria | B13: Wheat | C13: Highest | D13: Non-pregnant WRA | E13: Vehicle consumption by WRA -- amount | F13: mean | G13: g/day | H13: 2021 | I13: NFCMS, Table 147, p 193 | J13: 62.4 | K13: [57.0, 67.7] | L13: 95% CI | M13: 2.7
A14: Nigeria | B14: Wheat | C14: Total | D14: Pregnant women | E14: Vehicle consumption by WRA -- amount | F14: mean | G14: g/day | H14: 2021 | I14: NFCMS, Table 147, p 193 | J14: 35 | K14: [29.5, 40.6] | L14: 95% CI | M14: 2.8 | N14: not included in GF input "Vehicles - WRA" C10; they used non pregnant women for all WRA (not sure if we are supposed to assume it is the same for all WRA? I could not find a value in NFCMS that is for all WRA)
A15: Nigeria | B15: Wheat | C15: Total | D15: Children U5 | E15: Vehicle consumption by U5 children -- amount | F15: mean | G15: g/day | H15: 2021 | I15: NFCMS, Table 148, p 194 | J15: 26 | K15: [22.9, 29.2] | L15: 95% CI | M15: 1.6
A16: Nigeria | B16: Wheat | C16: Total | D16: Children U5 - male | E16: Vehicle consumption by U5 children -- amount | F16: mean | G16: g/day | H16: 2021 | I16: NFCMS, Table 148, p 194 | J16: 26.9 | K16: [23.3, 30.4] | L16: 95% CI | M16: 1.8 | N16: GF input file states sex-specific values for U5 children "not to be projected / filled out". But not sure why? Maybe can safely assume no significant difference between sexes for children U5?
A17: Nigeria | B17: Wheat | C17: Total | D17: Children U5 - female | E17: Vehicle consumption by U5 children -- amount | F17: mean | G17: g/day | H17: 2021 | I17: NFCMS, Table 148, p 194 | J17: 25.1 | K17: [21.0, 29.1] | L17: 95% CI | M17: 2.1 | N17: GF input file states sex-specific values for U5 children "not to be projected / filled out". But not sure why? Maybe can safely assume no significant difference between sexes for children U5?
A18: Nigeria | B18: Salt | C18: Total | D18: Non-pregnant WRA | E18: Vehicle consumption by WRA -- any | F18: percentage | G18: % | H18: 2021 | I18: NFCMS, Table 166, p 215 | J18: 99.3 | K18: [99.0, 99.6] | L18: 95% CI
A19: Nigeria | B19: Salt | C19: Lowest | D19: Non-pregnant WRA | E19: Vehicle consumption by WRA -- any | F19: percentage | G19: % | H19: 2021 | I19: NFCMS, Table 166, p 215 | J19: 99.5 | K19: [98.9, 100.0] | L19: 95% CI
A20: Nigeria | B20: Salt | C20: Second | D20: Non-pregnant WRA | E20: Vehicle consumption by WRA -- any | F20: percentage | G20: % | H20: 2021 | I20: NFCMS, Table 166, p 215 | J20: 99.7 | K20: [99.4, 100.0] | L20: 95% CI
A21: Nigeria | B21: Salt | C21: Middle | D21: Non-pregnant WRA | E21: Vehicle consumption by WRA -- any | F21: percentage | G21: % | H21: 2021 | I21: NFCMS, Table 166, p 215 | J21: 99.5 | K21: [99.0, 99.9] | L21: 95% CI
A22: Nigeria | B22: Salt | C22: Fourth | D22: Non-pregnant WRA | E22: Vehicle consumption by WRA -- any | F22: percentage | G22: % | H22: 2021 | I22: NFCMS, Table 166, p 215 | J22: 99.4 | K22: [98.7, 100.0] | L22: 95% CI
A23: Nigeria | B23: Salt | C23: Highest | D23: Non-pregnant WRA | E23: Vehicle consumption by WRA -- any | F23: percentage | G23: % | H23: 2021 | I23: NFCMS, Table 166, p 215 | J23: 98.5 | K23: [97.1, 99.9] | L23: 95% CI
A24: Nigeria | B24: Salt | C24: Total | D24: Pregnant women | E24: Vehicle consumption by WRA -- any | F24: percentage | G24: % | H24: 2021 | I24: NFCMS, Annex 42, p 548 | J24: 99.1 | K24: [98.5, 99.8] | L24: 95% CI
A25: Nigeria | B25: Salt | C25: Total | D25: Children U5 | E25: Vehicle consumption by U5 children -- any | F25: percentage | G25: % | H25: 2021 | I25: NFCMS, Annex 42, p 548 | J25: 99.2 | K25: [98.8, 99.6] | L25: 95% CI
A26: Nigeria | B26: Salt | C26: Total | D26: Non-pregnant WRA | E26: Vehicle consumption by WRA -- amount | F26: mean | G26: g/day | H26: 2021 | I26: NFCMS, Table 167, p 217 | J26: 3.9 | K26: [3.7, 4.1] | L26: 95% CI | M26: 0.1
A27: Nigeria | B27: Salt | C27: Lowest | D27: Non-pregnant WRA | E27: Vehicle consumption by WRA -- amount | F27: mean | G27: g/day | H27: 2021 | I27: NFCMS, Table 167, p 217 | J27: 4.2 | K27: [3.8, 4.6] | L27: 95% CI | M27: 0.2
A28: Nigeria | B28: Salt | C28: Second | D28: Non-pregnant WRA | E28: Vehicle consumption by WRA -- amount | F28: mean | G28: g/day | H28: 2021 | I28: NFCMS, Table 167, p 217 | J28: 4 | K28: [3.5, 4.4] | L28: 95% CI | M28: 0.2
A29: Nigeria | B29: Salt | C29: Middle | D29: Non-pregnant WRA | E29: Vehicle consumption by WRA -- amount | F29: mean | G29: g/day | H29: 2021 | I29: NFCMS, Table 167, p 217 | J29: 3.8 | K29: [3.5, 4.2] | L29: 95% CI | M29: 0.2
A30: Nigeria | B30: Salt | C30: Fourth | D30: Non-pregnant WRA | E30: Vehicle consumption by WRA -- amount | F30: mean | G30: g/day | H30: 2021 | I30: NFCMS, Table 167, p 217 | J30: 3.7 | K30: [3.4, 4.0] | L30: 95% CI | M30: 0.1
A31: Nigeria | B31: Salt | C31: Highest | D31: Non-pregnant WRA | E31: Vehicle consumption by WRA -- amount | F31: mean | G31: g/day | H31: 2021 | I31: NFCMS, Table 167, p 217 | J31: 3.8 | K31: [3.5, 4.0] | L31: 95% CI | M31: 0.1
A32: Nigeria | B32: Salt | C32: Total | D32: Pregnant women | E32: Vehicle consumption by WRA -- amount | F32: mean | G32: g/day | H32: 2021 | I32: NFCMS, Table 167, p 217 | J32: 4.2 | K32: [3.8, 4.5] | L32: 95% CI | M32: 0.2
A33: Nigeria | B33: Salt | C33: Total | D33: Children U5 | E33: Vehicle consumption by U5 children -- amount | F33: mean | G33: g/day | H33: 2021 | I33: NFCMS, Table 168, p 218 | J33: 2.6 | K33: [2.4, 2.9] | L33: 95% CI | M33: 0.1
A34: Nigeria | B34: Salt | C34: Total | D34: Children U5 - male | E34: Vehicle consumption by U5 children -- amount | F34: mean | G34: g/day | H34: 2021 | I34: NFCMS, Table 168, p 218 | J34: 2.7 | K34: [2.4, 3.0] | L34: 95% CI | M34: 0.1
A35: Nigeria | B35: Salt | C35: Total | D35: Children U5 - female | E35: Vehicle consumption by U5 children -- amount | F35: mean | G35: g/day | H35: 2021 | I35: NFCMS, Table 168, p 218 | J35: 2.5 | K35: [2.2, 2.8] | L35: 95% CI | M35: 0.1
A36: Ethiopia | B36: Wheat | C36: Total | D36: WRA | E36: Vehicle consumption by WRA -- any | F36: percentage | G36: % | H36: 2022 | I36: Ethiopia National Food Nutrition Survey (FNS), Table 8.9 | J36: 30.7 | N36: consumption of fortified wheat (not all wheat); no values in GF Input "Vehicles - preschool" for Ethiopia, so maybe we can use WRA values for children U5 as well? from GF input "Vehicles - WRA" N27 which doesn't include CI/SE data
A37: Ethiopia | B37: Wheat | C37: Lowest | D37: WRA | E37: Vehicle consumption by WRA -- any | F37: percentage | G37: % | H37: 2022 | I37: FNS, Table 8.9 | J37: 25.1 | N37: consumption of fortified wheat (not all wheat); from GF input "Vehicles - WRA" N48 which doesn't include CI/SE data
A38: Ethiopia | B38: Wheat | C38: Second | D38: WRA | E38: Vehicle consumption by WRA -- any | F38: percentage | G38: % | H38: 2022 | I38: FNS, Table 8.9 | J38: 21.4 | N38: consumption of fortified wheat (not all wheat); from GF input "Vehicles - WRA" N49 which doesn't include CI/SE data
A39: Ethiopia | B39: Wheat | C39: Middle | D39: WRA | E39: Vehicle consumption by WRA -- any | F39: percentage | G39: % | H39: 2022 | I39: FNS, Table 8.9 | J39: 22.7 | N39: consumption of fortified wheat (not all wheat); from GF input "Vehicles - WRA" N50 which doesn't include CI/SE data
A40: Ethiopia | B40: Wheat | C40: Fourth | D40: WRA | E40: Vehicle consumption by WRA -- any | F40: percentage | G40: % | H40: 2022 | I40: FNS, Table 8.9 | J40: 32.3 | N40: consumption of fortified wheat (not all wheat); from GF input "Vehicles - WRA" N51 which doesn't include CI/SE data
A41: Ethiopia | B41: Wheat | C41: Highest | D41: WRA | E41: Vehicle consumption by WRA -- any | F41: percentage | G41: % | H41: 2022 | I41: FNS, Table 8.9 | J41: 52.1 | N41: consumption of fortified wheat (not all wheat); from GF input "Vehicles - WRA" N52 which doesn't include CI/SE data
A42: Ethiopia | B42: Wheat | C42: Highest | D42: WRA | E42: Vehicle consumption by WRA -- any | F42: percentage | G42: % | H42: 2022 | I42: FNS, Table 8.9 | J42: 52.1
A43: Ethiopia | B43: Wheat | C43: Total | D43: All | E43: Vehicle consumption -- any | F43: percentage | G43: % | H43: 2022 | I43: Ethiopia Socioeconomic Panel Survey (ESPS) | J43: 41 | K43: [35.8, 46.1] | L43: 95% CI | M43: 2.6 | N43: big difference from this dataset and GF data is that this is consumption of all wheat (not just consumption of fortified wheat). i don't know which is preferred for our model. I asked claude to generate these numbers given that this is not the dataset that GF used. If we actually want to use these numbers, I suggest we integrate the code into the model using the datasets provided with appropriate sampling weights used (I didn't go through this process because I wasn't sure if we actually want to use this data, but I did ask Claude to do the best it could to incorporate sampling weights using design-based Taylor linearization approach which is similar to apprach used in the NFCMS survey)
A44: Ethiopia | B44: Wheat | C44: Lowest | D44: All | E44: Vehicle consumption -- any | F44: percentage | G44: % | H44: 2022 | I44: Ethiopia Socioeconomic Panel Survey (ESPS) | J44: 29.6 | K44: [21.5, 37.7] | L44: 95% CI | M44: 4.1 | N44: big difference from this dataset and GF data is that this is consumption of all wheat (not just consumption of fortified wheat). i don't know which is preferred for our model. I asked claude to generate these numbers given that this is not the dataset that GF used. If we actually want to use these numbers, I suggest we integrate the code into the model using the datasets provided with appropriate sampling weights used (I didn't go through this process because I wasn't sure if we actually want to use this data, but I did ask Claude to do the best it could to incorporate sampling weights using design-based Taylor linearization approach which is similar to apprach used in the NFCMS survey)
A45: Ethiopia | B45: Wheat | C45: Second | D45: All | E45: Vehicle consumption -- any | F45: percentage | G45: % | H45: 2022 | I45: Ethiopia Socioeconomic Panel Survey (ESPS) | J45: 35.4 | K45: [26.5, 44.4] | L45: 95% CI | M45: 4.6 | N45: big difference from this dataset and GF data is that this is consumption of all wheat (not just consumption of fortified wheat). i don't know which is preferred for our model. I asked claude to generate these numbers given that this is not the dataset that GF used. If we actually want to use these numbers, I suggest we integrate the code into the model using the datasets provided with appropriate sampling weights used (I didn't go through this process because I wasn't sure if we actually want to use this data, but I did ask Claude to do the best it could to incorporate sampling weights using design-based Taylor linearization approach which is similar to apprach used in the NFCMS survey)
A46: Ethiopia | B46: Wheat | C46: Middle | D46: All | E46: Vehicle consumption -- any | F46: percentage | G46: % | H46: 2022 | I46: Ethiopia Socioeconomic Panel Survey (ESPS) | J46: 38.7 | K46: [30.6, 46.7] | L46: 95% CI | M46: 4.1 | N46: big difference from this dataset and GF data is that this is consumption of all wheat (not just consumption of fortified wheat). i don't know which is preferred for our model. I asked claude to generate these numbers given that this is not the dataset that GF used. If we actually want to use these numbers, I suggest we integrate the code into the model using the datasets provided with appropriate sampling weights used (I didn't go through this process because I wasn't sure if we actually want to use this data, but I did ask Claude to do the best it could to incorporate sampling weights using design-based Taylor linearization approach which is similar to apprach used in the NFCMS survey)
A47: Ethiopia | B47: Wheat | C47: Fourth | D47: All | E47: Vehicle consumption -- any | F47: percentage | G47: % | H47: 2022 | I47: Ethiopia Socioeconomic Panel Survey (ESPS) | J47: 50.1 | K47: [42.3, 57.9] | L47: 95% CI | M47: 4 | N47: big difference from this dataset and GF data is that this is consumption of all wheat (not just consumption of fortified wheat). i don't know which is preferred for our model. I asked claude to generate these numbers given that this is not the dataset that GF used. If we actually want to use these numbers, I suggest we integrate the code into the model using the datasets provided with appropriate sampling weights used (I didn't go through this process because I wasn't sure if we actually want to use this data, but I did ask Claude to do the best it could to incorporate sampling weights using design-based Taylor linearization approach which is similar to apprach used in the NFCMS survey)
A48: Ethiopia | B48: Wheat | C48: Highest | D48: All | E48: Vehicle consumption -- any | F48: percentage | G48: % | H48: 2022 | I48: Ethiopia Socioeconomic Panel Survey (ESPS) | J48: 51.1 | K48: [44.1, 58.0] | L48: 95% CI | M48: 3.6 | N48: big difference from this dataset and GF data is that this is consumption of all wheat (not just consumption of fortified wheat). i don't know which is preferred for our model. I asked claude to generate these numbers given that this is not the dataset that GF used. If we actually want to use these numbers, I suggest we integrate the code into the model using the datasets provided with appropriate sampling weights used (I didn't go through this process because I wasn't sure if we actually want to use this data, but I did ask Claude to do the best it could to incorporate sampling weights using design-based Taylor linearization approach which is similar to apprach used in the NFCMS survey)
A49: Ethiopia | B49: Wheat | C49: Total | D49: All | E49: Vehicle consumption -- amount | F49: mean | G49: g/day | H49: 2022 | I49: Ethiopia Socioeconomic Panel Survey (ESPS) | J49: 51.5 | K49: [38.0, 65.1] | L49: 95% CI | M49: 6.9 | N49: big difference from this dataset and GF data is that this is consumption of all wheat (not just consumption of fortified wheat). i don't know which is preferred for our model. I asked claude to generate these numbers given that this is not the dataset that GF used. If we actually want to use these numbers, I suggest we integrate the code into the model using the datasets provided with appropriate sampling weights used (I didn't go through this process because I wasn't sure if we actually want to use this data, but I did ask Claude to do the best it could to incorporate sampling weights using design-based Taylor linearization approach which is similar to apprach used in the NFCMS survey)
A50: Ethiopia | B50: Wheat | C50: Lowest | D50: All | E50: Vehicle consumption -- amount | F50: mean | G50: g/day | H50: 2022 | I50: Ethiopia Socioeconomic Panel Survey (ESPS) | J50: 24.8 | K50: [15.9, 33.7] | L50: 95% CI | M50: 4.56 | N50: big difference from this dataset and GF data is that this is consumption of all wheat (not just consumption of fortified wheat). i don't know which is preferred for our model. I asked claude to generate these numbers given that this is not the dataset that GF used. If we actually want to use these numbers, I suggest we integrate the code into the model using the datasets provided with appropriate sampling weights used (I didn't go through this process because I wasn't sure if we actually want to use this data, but I did ask Claude to do the best it could to incorporate sampling weights using design-based Taylor linearization approach which is similar to apprach used in the NFCMS survey)
A51: Ethiopia | B51: Wheat | C51: Second | D51: All | E51: Vehicle consumption -- amount | F51: mean | G51: g/day | H51: 2022 | I51: Ethiopia Socioeconomic Panel Survey (ESPS) | J51: 39.9 | K51: [26.8, 53.0] | L51: 95% CI | M51: 6.69 | N51: big difference from this dataset and GF data is that this is consumption of all wheat (not just consumption of fortified wheat). i don't know which is preferred for our model. I asked claude to generate these numbers given that this is not the dataset that GF used. If we actually want to use these numbers, I suggest we integrate the code into the model using the datasets provided with appropriate sampling weights used (I didn't go through this process because I wasn't sure if we actually want to use this data, but I did ask Claude to do the best it could to incorporate sampling weights using design-based Taylor linearization approach which is similar to apprach used in the NFCMS survey)
A52: Ethiopia | B52: Wheat | C52: Middle | D52: All | E52: Vehicle consumption -- amount | F52: mean | G52: g/day | H52: 2022 | I52: Ethiopia Socioeconomic Panel Survey (ESPS) | J52: 45.7 | K52: [30.2, 61.2] | L52: 95% CI | M52: 7.93 | N52: big difference from this dataset and GF data is that this is consumption of all wheat (not just consumption of fortified wheat). i don't know which is preferred for our model. I asked claude to generate these numbers given that this is not the dataset that GF used. If we actually want to use these numbers, I suggest we integrate the code into the model using the datasets provided with appropriate sampling weights used (I didn't go through this process because I wasn't sure if we actually want to use this data, but I did ask Claude to do the best it could to incorporate sampling weights using design-based Taylor linearization approach which is similar to apprach used in the NFCMS survey)
A53: Ethiopia | B53: Wheat | C53: Fourth | D53: All | E53: Vehicle consumption -- amount | F53: mean | G53: g/day | H53: 2022 | I53: Ethiopia Socioeconomic Panel Survey (ESPS) | J53: 84.8 | K53: [39.1, 130.5] | L53: 95% CI | M53: 23.32 | N53: big difference from this dataset and GF data is that this is consumption of all wheat (not just consumption of fortified wheat). i don't know which is preferred for our model. I asked claude to generate these numbers given that this is not the dataset that GF used. If we actually want to use these numbers, I suggest we integrate the code into the model using the datasets provided with appropriate sampling weights used (I didn't go through this process because I wasn't sure if we actually want to use this data, but I did ask Claude to do the best it could to incorporate sampling weights using design-based Taylor linearization approach which is similar to apprach used in the NFCMS survey)
A54: Ethiopia | B54: Wheat | C54: Highest | D54: All | E54: Vehicle consumption -- amount | F54: mean | G54: g/day | H54: 2022 | I54: Ethiopia Socioeconomic Panel Survey (ESPS) | J54: 75.5 | K54: [49.5, 101.3] | L54: 95% CI | M54: 13.23 | N54: big difference from this dataset and GF data is that this is consumption of all wheat (not just consumption of fortified wheat). i don't know which is preferred for our model. I asked claude to generate these numbers given that this is not the dataset that GF used. If we actually want to use these numbers, I suggest we integrate the code into the model using the datasets provided with appropriate sampling weights used (I didn't go through this process because I wasn't sure if we actually want to use this data, but I did ask Claude to do the best it could to incorporate sampling weights using design-based Taylor linearization approach which is similar to apprach used in the NFCMS survey)
A55: India | B55: Wheat | C55: Total | D55: All | E55: Vehicle consumption -- any | F55: percentage | G55: % | J55: 92.7
A56: India | B56: Wheat | C56: Total | D56: All | E56: Vehicle consumption -- amount | F56: mean | G56: g/day | H56: 2024 | I56: NCES | J56: 115.7
A57: India | B57: Salt | C57: Total | D57: All | E57: Vehicle consumption -- any | F57: percentage | G57: % | J57: 100
A58: India | B58: Salt | C58: Total | D58: All | E58: Vehicle consumption -- amount | F58: mean | G58: g/day | J58: 6.6
A59: India | B59: Rice | C59: Total | D59: All

Sheet Vehicle Consumption
A1: Country | B1: Vehicle | C1: Model | D1: Quintile | E1: Population | F1: Term | G1: Term Definition | H1: Data need | I1: Data point name | J1: Units | K1: Year | L1: Data source | M1: Value | N1: CI | O1: CI Type | P1: SE | Q1: GF Input? | R1: Limitations | S1: Notes
A2: Nigeria | B2: Wheat | C2: 2 | D2: Total | E2: Non-pregnant WRA | F2: coverage | G2: use of vehicle, regardless of fortification | H2: Vehicle consumption by WRA -- any | I2: percentage | J2: % | K2: 2021 | L2: Nigeria National Food Consumption and Micronutrient Status Survey (NFCMS), Table 146, p 191 | M2: 28.2 | N2: [24.3, 32.2] | O2: 95% CI | Q2: Yes, but maybe a typo on their sheet? They put 28.0? | R2: 1. "The remaining 72% that did not use it at home dose not mean that the households did not consume wheat flour rather they consumed wheat flour products (i.e., bread, confectionaries) that are vendor processed." 2. This is the number GF used for all WRA (even though it specifically states for non-pregnant WRA) and for children U5. Percentage of vehicle consumption for pregnant WRA and children U5 is most likely located in Annex 38 (which is missing). | S2: the NFCMS Annex 38 (p 544) should have included vehicle consumption percentage and 95% CI for pregnant women and children U5 groups, but looks like the pdf has a printing error in the table (title states wheat flour, but header rows indicate vegetable oil comsumption values). maybe we can use non-pregnant WRA values for pregnant women and children U5?
A3: Nigeria | B3: Wheat | C3: 2 | D3: Lowest | E3: Non-pregnant WRA | F3: coverage | G3: use of vehicle, regardless of fortification | H3: Vehicle consumption by WRA -- any | I3: percentage | J3: % | K3: 2021 | L3: NFCMS, Table 146, p 191 | M3: 19.1 | N3: [14.3, 24.0] | O3: 95% CI | Q3: Yes
A4: Nigeria | B4: Wheat | C4: 2 | D4: Second | E4: Non-pregnant WRA | F4: coverage | G4: use of vehicle, regardless of fortification | H4: Vehicle consumption by WRA -- any | I4: percentage | J4: % | K4: 2021 | L4: NFCMS, Table 146, p 191 | M4: 25.3 | N4: [19.5, 31.2] | O4: 95% CI | Q4: Yes
A5: Nigeria | B5: Wheat | C5: 2 | D5: Middle | E5: Non-pregnant WRA | F5: coverage | G5: use of vehicle, regardless of fortification | H5: Vehicle consumption by WRA -- any | I5: percentage | J5: % | K5: 2021 | L5: NFCMS, Table 146, p 191 | M5: 30.5 | N5: [24.6, 36.5] | O5: 95% CI | Q5: Yes
A6: Nigeria | B6: Wheat | C6: 2 | D6: Fourth | E6: Non-pregnant WRA | F6: coverage | G6: use of vehicle, regardless of fortification | H6: Vehicle consumption by WRA -- any | I6: percentage | J6: % | K6: 2021 | L6: NFCMS, Table 146, p 191 | M6: 33.3 | N6: [28.2, 38.5] | O6: 95% CI | Q6: Yes
A7: Nigeria | B7: Wheat | C7: 2 | D7: Highest | E7: Non-pregnant WRA | F7: coverage | G7: use of vehicle, regardless of fortification | H7: Vehicle consumption by WRA -- any | I7: percentage | J7: % | K7: 2021 | L7: NFCMS, Table 146, p 191 | M7: 35.3 | N7: [28.0, 42.6] | O7: 95% CI | Q7: Yes
A8: Nigeria | B8: Wheat | C8: 2 | D8: Total | E8: Non-pregnant WRA | F8: consumption | G8: amount of vehicle consumed daily | H8: Vehicle consumption by WRA -- amount | I8: mean | J8: g/day | K8: 2021 | L8: NFCMS, Table 147, p 193 | M8: 39 | N8: [35.1, 42.9] | O8: 95% CI | P8: 2 | Q8: Yes | R8: This is the number GF used for all WRA (even though it specifically states for non-pregnant WRA) and for children U5. More specific amount numbers for pregnant WRA and children U5 (separated by sex as well) are located below
A9: Nigeria | B9: Wheat | C9: 2 | D9: Lowest | E9: Non-pregnant WRA | F9: consumption | G9: amount of vehicle consumed daily | H9: Vehicle consumption by WRA -- amount | I9: mean | J9: g/day | K9: 2021 | L9: NFCMS, Table 147, p 193 | M9: 16.1 | N9: [12.6, 19.6] | O9: 95% CI | P9: 1.8 | Q9: Yes
A10: Nigeria | B10: Wheat | C10: 2 | D10: Second | E10: Non-pregnant WRA | F10: consumption | G10: amount of vehicle consumed daily | H10: Vehicle consumption by WRA -- amount | I10: mean | J10: g/day | K10: 2021 | L10: NFCMS, Table 147, p 193 | M10: 23.4 | N10: [18.7, 28.2] | O10: 95% CI | P10: 2.4 | Q10: Yes
A11: Nigeria | B11: Wheat | C11: 2 | D11: Middle | E11: Non-pregnant WRA | F11: consumption | G11: amount of vehicle consumed daily | H11: Vehicle consumption by WRA -- amount | I11: mean | J11: g/day | K11: 2021 | L11: NFCMS, Table 147, p 193 | M11: 38.2 | N11: [31.5, 44.8] | O11: 95% CI | P11: 3.4 | Q11: Yes
A12: Nigeria | B12: Wheat | C12: 2 | D12: Fourth | E12: Non-pregnant WRA | F12: consumption | G12: amount of vehicle consumed daily | H12: Vehicle consumption by WRA -- amount | I12: mean | J12: g/day | K12: 2021 | L12: NFCMS, Table 147, p 193 | M12: 49.3 | N12: [43.0, 55.6] | O12: 95% CI | P12: 3.2 | Q12: Yes
A13: Nigeria | B13: Wheat | C13: 2 | D13: Highest | E13: Non-pregnant WRA | F13: consumption | G13: amount of vehicle consumed daily | H13: Vehicle consumption by WRA -- amount | I13: mean | J13: g/day | K13: 2021 | L13: NFCMS, Table 147, p 193 | M13: 62.4 | N13: [57.0, 67.7] | O13: 95% CI | P13: 2.7 | Q13: Yes
A14: Nigeria | B14: Wheat | C14: 2 | D14: Total | E14: Non-pregnant WRA | F14: consumption | G14: amount of vehicle consumed daily | H14: Vehicle consumption by WRA -- amount | I14: standard deviation | J14: g/day | K14: 2021 | L14: NFCMS, Table 147, p 193 | M14: =(57.1 - 13.3)/1.35 -> 32.444444 | Q14: No, GF did not provide SD | R14: Assuming normal distribution | S14: Very rough estimate using SD = IQR / 1.35 (normality assumption)
A15: Nigeria | B15: Wheat | C15: 2 | D15: Lowest | E15: Non-pregnant WRA | F15: consumption | G15: amount of vehicle consumed daily | H15: Vehicle consumption by WRA -- amount | I15: standard deviation | J15: g/day | K15: 2021 | L15: NFCMS, Table 147, p 193 | M15: =(22.2 - 4.3)/1.35 -> 13.259259 | Q15: No, GF did not provide SD | R15: Assuming normal distribution | S15: Very rough estimate using SD = IQR / 1.35 (normality assumption)
A16: Nigeria | B16: Wheat | C16: 2 | D16: Second | E16: Non-pregnant WRA | F16: consumption | G16: amount of vehicle consumed daily | H16: Vehicle consumption by WRA -- amount | I16: standard deviation | J16: g/day | K16: 2021 | L16: NFCMS, Table 147, p 193 | M16: =(33.2 - 7.6)/1.35 -> 18.962963 | Q16: No, GF did not provide SD | R16: Assuming normal distribution | S16: Very rough estimate using SD = IQR / 1.35 (normality assumption)
A17: Nigeria | B17: Wheat | C17: 2 | D17: Middle | E17: Non-pregnant WRA | F17: consumption | G17: amount of vehicle consumed daily | H17: Vehicle consumption by WRA -- amount | I17: standard deviation | J17: g/day | K17: 2021 | L17: NFCMS, Table 147, p 193 | M17: =(53.6 - 16.5)/1.35 -> 27.481481 | Q17: No, GF did not provide SD | R17: Assuming normal distribution | S17: Very rough estimate using SD = IQR / 1.35 (normality assumption)
A18: Nigeria | B18: Wheat | C18: 2 | D18: Fourth | E18: Non-pregnant WRA | F18: consumption | G18: amount of vehicle consumed daily | H18: Vehicle consumption by WRA -- amount | I18: standard deviation | J18: g/day | K18: 2021 | L18: NFCMS, Table 147, p 193 | M18: =(67.6 - 25.3)/1.35 -> 31.333333 | Q18: No, GF did not provide SD | R18: Assuming normal distribution | S18: Very rough estimate using SD = IQR / 1.35 (normality assumption)
A19: Nigeria | B19: Wheat | C19: 2 | D19: Highest | E19: Non-pregnant WRA | F19: consumption | G19: amount of vehicle consumed daily | H19: Vehicle consumption by WRA -- amount | I19: standard deviation | J19: g/day | K19: 2021 | L19: NFCMS, Table 147, p 193 | M19: =(82.2 - 37.7)/1.35 -> 32.962963 | Q19: No, GF did not provide SD | R19: Assuming normal distribution | S19: Very rough estimate using SD = IQR / 1.35 (normality assumption)
A20: Nigeria | B20: Wheat | C20: 2 | D20: Total | E20: Pregnant women | F20: consumption | G20: amount of vehicle consumed daily | H20: Vehicle consumption by WRA -- amount | I20: mean | J20: g/day | K20: 2021 | L20: NFCMS, Table 147, p 193 | M20: 35 | N20: [29.5, 40.6] | O20: 95% CI | P20: 2.8 | Q20: No, GF used non-pregnant WRA values for all WRA values | S20: not included in GF input "Vehicles - WRA" C10; they used non pregnant women for all WRA (not sure if we are supposed to assume it is the same for all WRA? I could not find a value in NFCMS that is for all WRA)
A21: Nigeria | B21: Wheat | C21: 2 | D21: Total | E21: Pregnant women | F21: consumption | G21: amount of vehicle consumed daily | H21: Vehicle consumption by WRA -- amount | I21: standard deviation | J21: g/day | K21: 2021 | L21: NFCMS, Table 147, p 193 | M21: =(51.4 - 11.5)/1.35 -> 29.555556 | Q21: No, GF did not provide SD | R21: Assuming normal distribution | S21: Very rough estimate using SD = IQR / 1.35 (normality assumption)
A22: Nigeria | B22: Wheat | C22: 2 | D22: Total | E22: Children U5 | F22: consumption | G22: amount of vehicle consumed daily | H22: Vehicle consumption by U5 children -- amount | I22: mean | J22: g/day | K22: 2021 | L22: NFCMS, Table 148, p 194 | M22: 26 | N22: [22.9, 29.2] | O22: 95% CI | P22: 1.6 | Q22: No, GF did not provide children specific numbers in new spreadsheet | R22: probably use sex-specific numbers over this?
A23: Nigeria | B23: Wheat | C23: 2 | D23: Total | E23: Children U5 - male | F23: consumption | G23: amount of vehicle consumed daily | H23: Vehicle consumption by U5 children -- amount | I23: mean | J23: g/day | K23: 2021 | L23: NFCMS, Table 148, p 194 | M23: 26.9 | N23: [23.3, 30.4] | O23: 95% CI | P23: 1.8 | Q23: No, GF did not provide children specific numbers in new spreadsheet | S23: GF input file states sex-specific values for U5 children "not to be projected / filled out". But not sure why? Maybe can safely assume no significant difference between sexes for children U5?
A24: Nigeria | B24: Wheat | C24: 2 | D24: Total | E24: Children U5 - female | F24: consumption | G24: amount of vehicle consumed daily | H24: Vehicle consumption by U5 children -- amount | I24: mean | J24: g/day | K24: 2021 | L24: NFCMS, Table 148, p 194 | M24: 25.1 | N24: [21.0, 29.1] | O24: 95% CI | P24: 2.1 | Q24: No, GF did not provide children specific numbers in new spreadsheet | S24: GF input file states sex-specific values for U5 children "not to be projected / filled out". But not sure why? Maybe can safely assume no significant difference between sexes for children U5?
A25: Nigeria | B25: Wheat | C25: 2 | D25: Total | E25: Children U5 | F25: consumption | G25: amount of vehicle consumed daily | H25: Vehicle consumption by U5 children -- amount | I25: standard deviation | J25: g/day | K25: 2021 | L25: NFCMS, Table 148, p 194 | M25: =(37.4 - 8.5)/1.35 -> 21.407407 | Q25: No, GF did not provide SD | S25: Very rough estimate using SD = IQR / 1.35 (normality assumption)
A26: Nigeria | B26: Wheat | C26: 2 | D26: Total | E26: Children U5 - male | F26: consumption | G26: amount of vehicle consumed daily | H26: Vehicle consumption by U5 children -- amount | I26: standard deviation | J26: g/day | K26: 2021 | L26: NFCMS, Table 148, p 194 | M26: =(39.5 - 7.5)/1.35 -> 23.703704 | Q26: No, GF did not provide SD | S26: Very rough estimate using SD = IQR / 1.35 (normality assumption)
A27: Nigeria | B27: Wheat | C27: 2 | D27: Total | E27: Children U5 - female | F27: consumption | G27: amount of vehicle consumed daily | H27: Vehicle consumption by U5 children -- amount | I27: standard deviation | J27: g/day | K27: 2021 | L27: NFCMS, Table 148, p 194 | M27: =(35.2 - 9.5)/1.35 -> 19.037037 | Q27: No, GF did not provide SD | S27: Very rough estimate using SD = IQR / 1.35 (normality assumption)
A28: Nigeria | B28: Wheat | C28: 2 | D28: Total | E28: All | F28: consolidation | G28: proportion of vehicle produced by industrial-scale facilities and therefore deemed fortifiable | H28: Vehicle "fortifiability" (essentially amount industrially produced) | I28: percentage | J28: % | K28: 2026 | L28: Millers for Nutrition (M4N) Database | M28: 100 | Q28: Yes
A29: Nigeria | B29: Salt | C29: 2 | D29: Total | E29: Non-pregnant WRA | F29: coverage | G29: use of vehicle, regardless of fortification | H29: Vehicle consumption by WRA -- any | I29: percentage | J29: % | K29: 2021 | L29: NFCMS, Table 166, p 215 | M29: 99.3 | N29: [99.0, 99.6] | O29: 95% CI | Q29: Yes, but maybe a typo on their sheet? They put 99.2?
A30: Nigeria | B30: Salt | C30: 2 | D30: Lowest | E30: Non-pregnant WRA | F30: coverage | G30: use of vehicle, regardless of fortification | H30: Vehicle consumption by WRA -- any | I30: percentage | J30: % | K30: 2021 | L30: NFCMS, Table 166, p 215 | M30: 99.5 | N30: [98.9, 100.0] | O30: 95% CI | Q30: Yes
A31: Nigeria | B31: Salt | C31: 2 | D31: Second | E31: Non-pregnant WRA | F31: coverage | G31: use of vehicle, regardless of fortification | H31: Vehicle consumption by WRA -- any | I31: percentage | J31: % | K31: 2021 | L31: NFCMS, Table 166, p 215 | M31: 99.7 | N31: [99.4, 100.0] | O31: 95% CI | Q31: Yes
A32: Nigeria | B32: Salt | C32: 2 | D32: Middle | E32: Non-pregnant WRA | F32: coverage | G32: use of vehicle, regardless of fortification | H32: Vehicle consumption by WRA -- any | I32: percentage | J32: % | K32: 2021 | L32: NFCMS, Table 166, p 215 | M32: 99.5 | N32: [99.0, 99.9] | O32: 95% CI | Q32: Yes
A33: Nigeria | B33: Salt | C33: 2 | D33: Fourth | E33: Non-pregnant WRA | F33: coverage | G33: use of vehicle, regardless of fortification | H33: Vehicle consumption by WRA -- any | I33: percentage | J33: % | K33: 2021 | L33: NFCMS, Table 166, p 215 | M33: 99.4 | N33: [98.7, 100.0] | O33: 95% CI | Q33: Yes
A34: Nigeria | B34: Salt | C34: 2 | D34: Highest | E34: Non-pregnant WRA | F34: coverage | G34: use of vehicle, regardless of fortification | H34: Vehicle consumption by WRA -- any | I34: percentage | J34: % | K34: 2021 | L34: NFCMS, Table 166, p 215 | M34: 98.5 | N34: [97.1, 99.9] | O34: 95% CI | Q34: Yes
A35: Nigeria | B35: Salt | C35: 2 | D35: Total | E35: Pregnant women | F35: coverage | G35: use of vehicle, regardless of fortification | H35: Vehicle consumption by WRA -- any | I35: percentage | J35: % | K35: 2021 | L35: NFCMS, Annex 42, p 548 | M35: 99.1 | N35: [98.5, 99.8] | O35: 95% CI | Q35: No, GF used non-pregnant WRA values for all WRA values
A36: Nigeria | B36: Salt | C36: 2 | D36: Total | E36: Children U5 | F36: coverage | G36: use of vehicle, regardless of fortification | H36: Vehicle consumption by U5 children -- any | I36: percentage | J36: % | K36: 2021 | L36: NFCMS, Annex 42, p 548 | M36: 99.2 | N36: [98.8, 99.6] | O36: 95% CI | Q36: No, GF did not provide children specific numbers in new spreadsheet
A37: Nigeria | B37: Salt | C37: 2 | D37: Total | E37: Non-pregnant WRA | F37: consumption | G37: amount of vehicle consumed daily | H37: Vehicle consumption by WRA -- amount | I37: mean | J37: g/day | K37: 2021 | L37: NFCMS, Table 167, p 217 | M37: 3.9 | N37: [3.7, 4.1] | O37: 95% CI | P37: 0.1 | Q37: Yes
A38: Nigeria | B38: Salt | C38: 2 | D38: Lowest | E38: Non-pregnant WRA | F38: consumption | G38: amount of vehicle consumed daily | H38: Vehicle consumption by WRA -- amount | I38: mean | J38: g/day | K38: 2021 | L38: NFCMS, Table 167, p 217 | M38: 4.2 | N38: [3.8, 4.6] | O38: 95% CI | P38: 0.2 | Q38: Yes
A39: Nigeria | B39: Salt | C39: 2 | D39: Second | E39: Non-pregnant WRA | F39: consumption | G39: amount of vehicle consumed daily | H39: Vehicle consumption by WRA -- amount | I39: mean | J39: g/day | K39: 2021 | L39: NFCMS, Table 167, p 217 | M39: 4 | N39: [3.5, 4.4] | O39: 95% CI | P39: 0.2 | Q39: Yes
A40: Nigeria | B40: Salt | C40: 2 | D40: Middle | E40: Non-pregnant WRA | F40: consumption | G40: amount of vehicle consumed daily | H40: Vehicle consumption by WRA -- amount | I40: mean | J40: g/day | K40: 2021 | L40: NFCMS, Table 167, p 217 | M40: 3.8 | N40: [3.5, 4.2] | O40: 95% CI | P40: 0.2 | Q40: Yes
A41: Nigeria | B41: Salt | C41: 2 | D41: Fourth | E41: Non-pregnant WRA | F41: consumption | G41: amount of vehicle consumed daily | H41: Vehicle consumption by WRA -- amount | I41: mean | J41: g/day | K41: 2021 | L41: NFCMS, Table 167, p 217 | M41: 3.7 | N41: [3.4, 4.0] | O41: 95% CI | P41: 0.1 | Q41: Yes
A42: Nigeria | B42: Salt | C42: 2 | D42: Highest | E42: Non-pregnant WRA | F42: consumption | G42: amount of vehicle consumed daily | H42: Vehicle consumption by WRA -- amount | I42: mean | J42: g/day | K42: 2021 | L42: NFCMS, Table 167, p 217 | M42: 3.8 | N42: [3.5, 4.0] | O42: 95% CI | P42: 0.1 | Q42: Yes
A43: Nigeria | B43: Salt | C43: 2 | D43: Total | E43: Non-pregnant WRA | F43: consumption | G43: amount of vehicle consumed daily | H43: Vehicle consumption by WRA -- amount | I43: standard deviation | J43: g/day | K43: 2021 | L43: NFCMS, Table 167, p 217 | M43: =(4.7 - 2.9)/1.35 -> 1.3333333 | Q43: No, GF did not provide SD | S43: Very rough estimate using SD = IQR / 1.35 (normality assumption)
A44: Nigeria | B44: Salt | C44: 2 | D44: Lowest | E44: Non-pregnant WRA | F44: consumption | G44: amount of vehicle consumed daily | H44: Vehicle consumption by WRA -- amount | I44: standard deviation | J44: g/day | K44: 2021 | L44: NFCMS, Table 167, p 217 | M44: =(5.1-2.9)/1.35 -> 1.6296296 | Q44: No, GF did not provide SD | S44: Very rough estimate using SD = IQR / 1.35 (normality assumption)
A45: Nigeria | B45: Salt | C45: 2 | D45: Second | E45: Non-pregnant WRA | F45: consumption | G45: amount of vehicle consumed daily | H45: Vehicle consumption by WRA -- amount | I45: standard deviation | J45: g/day | K45: 2021 | L45: NFCMS, Table 167, p 217 | M45: =(4.9-2.8)/1.35 -> 1.5555556 | Q45: No, GF did not provide SD | S45: Very rough estimate using SD = IQR / 1.35 (normality assumption)
A46: Nigeria | B46: Salt | C46: 2 | D46: Middle | E46: Non-pregnant WRA | F46: consumption | G46: amount of vehicle consumed daily | H46: Vehicle consumption by WRA -- amount | I46: standard deviation | J46: g/day | K46: 2021 | L46: NFCMS, Table 167, p 217 | M46: =(4.5-3)/1.35 -> 1.1111111 | Q46: No, GF did not provide SD | S46: Very rough estimate using SD = IQR / 1.35 (normality assumption)
A47: Nigeria | B47: Salt | C47: 2 | D47: Fourth | E47: Non-pregnant WRA | F47: consumption | G47: amount of vehicle consumed daily | H47: Vehicle consumption by WRA -- amount | I47: standard deviation | J47: g/day | K47: 2021 | L47: NFCMS, Table 167, p 217 | M47: =(4.4-2.8)/1.35 -> 1.1851852 | Q47: No, GF did not provide SD | S47: Very rough estimate using SD = IQR / 1.35 (normality assumption)
A48: Nigeria | B48: Salt | C48: 2 | D48: Highest | E48: Non-pregnant WRA | F48: consumption | G48: amount of vehicle consumed daily | H48: Vehicle consumption by WRA -- amount | I48: standard deviation | J48: g/day | K48: 2021 | L48: NFCMS, Table 167, p 217 | M48: =(4.5-2.9)/1.35 -> 1.1851852 | Q48: No, GF did not provide SD | S48: Very rough estimate using SD = IQR / 1.35 (normality assumption)
A49: Nigeria | B49: Salt | C49: 2 | D49: Total | E49: Pregnant women | F49: consumption | G49: amount of vehicle consumed daily | H49: Vehicle consumption by WRA -- amount | I49: mean | J49: g/day | K49: 2021 | L49: NFCMS, Table 167, p 217 | M49: 4.2 | N49: [3.8, 4.5] | O49: 95% CI | P49: 0.2 | Q49: No, GF used non-pregnant WRA for all WRA values
A50: Nigeria | B50: Salt | C50: 2 | D50: Total | E50: Pregnant women | F50: consumption | G50: amount of vehicle consumed daily | H50: Vehicle consumption by WRA -- amount | I50: standard deviation | J50: g/day | K50: 2021 | L50: NFCMS, Table 167, p 217 | M50: =(5.2 - 2.8)/1.35 -> 1.7777778 | Q50: No, GF did not provide SD | S50: Very rough estimate using SD = IQR / 1.35 (normality assumption)
A51: Nigeria | B51: Salt | C51: 2 | D51: Total | E51: Children U5 | F51: consumption | G51: amount of vehicle consumed daily | H51: Vehicle consumption by U5 children -- amount | I51: mean | J51: g/day | K51: 2021 | L51: NFCMS, Table 168, p 218 | M51: 2.6 | N51: [2.4, 2.9] | O51: 95% CI | P51: 0.1 | Q51: No, GF did not provide children specific numbers in new spreadsheet
A52: Nigeria | B52: Salt | C52: 2 | D52: Total | E52: Children U5 - male | F52: consumption | G52: amount of vehicle consumed daily | H52: Vehicle consumption by U5 children -- amount | I52: mean | J52: g/day | K52: 2021 | L52: NFCMS, Table 168, p 218 | M52: 2.7 | N52: [2.4, 3.0] | O52: 95% CI | P52: 0.1 | Q52: No, GF did not provide children specific numbers in new spreadsheet
A53: Nigeria | B53: Salt | C53: 2 | D53: Total | E53: Children U5 - female | F53: consumption | G53: amount of vehicle consumed daily | H53: Vehicle consumption by U5 children -- amount | I53: mean | J53: g/day | K53: 2021 | L53: NFCMS, Table 168, p 218 | M53: 2.5 | N53: [2.2, 2.8] | O53: 95% CI | P53: 0.1 | Q53: No, GF did not provide children specific numbers in new spreadsheet
A54: Nigeria | B54: Salt | C54: 2 | D54: Total | E54: Children U5 | F54: consumption | G54: amount of vehicle consumed daily | H54: Vehicle consumption by U5 children -- amount | I54: standard deviation | J54: g/day | K54: 2021 | L54: NFCMS, Table 168, p 218 | M54: =(3.3-1.8)/1.35 -> 1.1111111 | Q54: No, GF did not provide SD | S54: Very rough estimate using SD = IQR / 1.35 (normality assumption)
A55: Nigeria | B55: Salt | C55: 2 | D55: Total | E55: Children U5 - male | F55: consumption | G55: amount of vehicle consumed daily | H55: Vehicle consumption by U5 children -- amount | I55: standard deviation | J55: g/day | K55: 2021 | L55: NFCMS, Table 168, p 218 | M55: =(3.5-1.6)/1.35 -> 1.4074074 | Q55: No, GF did not provide SD | S55: Very rough estimate using SD = IQR / 1.35 (normality assumption)
A56: Nigeria | B56: Salt | C56: 2 | D56: Total | E56: Children U5 - female | F56: consumption | G56: amount of vehicle consumed daily | H56: Vehicle consumption by U5 children -- amount | I56: standard deviation | J56: g/day | K56: 2021 | L56: NFCMS, Table 168, p 218 | M56: =(3-1.9)/1.35 -> 0.81481481 | Q56: No, GF did not provide SD | S56: Very rough estimate using SD = IQR / 1.35 (normality assumption)
A57: Nigeria | B57: Salt | C57: 2 | D57: Total | E57: All | F57: consolidation | G57: proportion of vehicle produced by industrial-scale facilities and therefore deemed fortifiable | H57: Vehicle "fortifiability" (essentially amount industrially produced) | I57: percentage | J57: % | K57: 2024 | L57: Assumption | M57: 95 | Q57: No (N/A reported in GF Background Data Sheet 20260928) | R57: unlcear of source GF used | S57: GF Input file, source is "Portfolio Review"
A58: Nigeria | B58: Salt | C58: 2 | D58: Total | E58: All | F58: consolidation | G58: proportion of vehicle produced by industrial-scale facilities and therefore deemed fortifiable | H58: Vehicle "fortifiability" (essentially amount industrially produced) | I58: percentage | J58: % | K58: 2024 | L58: Assumption | M58: N/A | Q58: Yes | R58: Not sure why this is N/A?? | S58: N/A in the GF Background Data Sheet
A59: Nigeria | B59: Bouillon | C59: 1 | D59: Total | E59: Non-pregnant WRA | F59: coverage | G59: use of vehicle, regardless of fortification | H59: Vehicle consumption by WRA -- any | I59: percentage | J59: % | K59: 2021 | L59: NFCMS, Table 169, p 220 | M59: 98.1 | N59: [97.5, 98.8] | O59: 95% CI | Q59: Yes
A60: Nigeria | B60: Bouillon | C60: 1 | D60: Lowest | E60: Non-pregnant WRA | F60: coverage | G60: use of vehicle, regardless of fortification | H60: Vehicle consumption by WRA -- any | I60: percentage | J60: % | K60: 2021 | L60: NFCMS, Table 169, p 220 | M60: 96.3 | N60: [94.2, 98.4] | O60: 95% CI | Q60: Yes
A61: Nigeria | B61: Bouillon | C61: 1 | D61: Second | E61: Non-pregnant WRA | F61: coverage | G61: use of vehicle, regardless of fortification | H61: Vehicle consumption by WRA -- any | I61: percentage | J61: % | K61: 2021 | L61: NFCMS, Table 169, p 220 | M61: 98.1 | N61: [96.8, 99.3] | O61: 95% CI | Q61: Yes
A62: Nigeria | B62: Bouillon | C62: 1 | D62: Middle | E62: Non-pregnant WRA | F62: coverage | G62: use of vehicle, regardless of fortification | H62: Vehicle consumption by WRA -- any | I62: percentage | J62: % | K62: 2021 | L62: NFCMS, Table 169, p 220 | M62: 99.2 | N62: [98.5, 99.8] | O62: 95% CI | Q62: Yes
A63: Nigeria | B63: Bouillon | C63: 1 | D63: Fourth | E63: Non-pregnant WRA | F63: coverage | G63: use of vehicle, regardless of fortification | H63: Vehicle consumption by WRA -- any | I63: percentage | J63: % | K63: 2021 | L63: NFCMS, Table 169, p 220 | M63: 98.6 | N63: [97.8, 99.4] | O63: 95% CI | Q63: Yes
A64: Nigeria | B64: Bouillon | C64: 1 | D64: Highest | E64: Non-pregnant WRA | F64: coverage | G64: use of vehicle, regardless of fortification | H64: Vehicle consumption by WRA -- any | I64: percentage | J64: % | K64: 2021 | L64: NFCMS, Table 169, p 220 | M64: 98.6 | N64: [97.5, 99.7] | O64: 95% CI | Q64: Yes
A65: Nigeria | B65: Bouillon | C65: 1 | D65: Total | E65: Pregnant women | F65: coverage | G65: use of vehicle, regardless of fortification | H65: Vehicle consumption by WRA -- any | I65: percentage | J65: % | K65: 2021 | L65: NFCMS, Annex 44, 549 | M65: 98.6 | N65: [97.7, 99.5] | O65: 95% CI | Q65: No, GF used non-pregnant WRA for all WRA and children U5 consumption values for salt
A66: Nigeria | B66: Bouillon | C66: 1 | D66: Total | E66: Children U5 | F66: coverage | G66: use of vehicle, regardless of fortification | H66: Vehicle consumption by WRA -- any | I66: percentage | J66: % | K66: 2021 | L66: NFCMS, Annex 44, 549 | M66: 98.8 | N66: [98.3, 99.2] | O66: 95% CI | Q66: No, GF did not provide children specific numbers in new spreadsheet
A67: Nigeria | B67: Bouillon | C67: 1 | D67: Total | E67: Non-pregnant WRA | F67: consumption | G67: amount of vehicle consumed daily | H67: Vehicle consumption by WRA -- amount | I67: mean | J67: g/day | K67: 2021 | L67: NFCMS, Table 170, p 222 | M67: 6.3 | N67: [6.0, 6.6] | O67: 95% CI | P67: 0.1 | Q67: Yes
A68: Nigeria | B68: Bouillon | C68: 1 | D68: Lowest | E68: Non-pregnant WRA | F68: consumption | G68: amount of vehicle consumed daily | H68: Vehicle consumption by WRA -- amount | I68: mean | J68: g/day | K68: 2021 | L68: NFCMS, Table 170, p 222 | M68: 8.4 | N68: [7.7, 9.0] | O68: 95% CI | Q68: Yes
A69: Nigeria | B69: Bouillon | C69: 1 | D69: Second | E69: Non-pregnant WRA | F69: consumption | G69: amount of vehicle consumed daily | H69: Vehicle consumption by WRA -- amount | I69: mean | J69: g/day | K69: 2021 | L69: NFCMS, Table 170, p 222 | M69: 8 | N69: [7.3, 8.7] | O69: 95% CI | Q69: Yes
A70: Nigeria | B70: Bouillon | C70: 1 | D70: Middle | E70: Non-pregnant WRA | F70: consumption | G70: amount of vehicle consumed daily | H70: Vehicle consumption by WRA -- amount | I70: mean | J70: g/day | K70: 2021 | L70: NFCMS, Table 170, p 222 | M70: 5.9 | N70: [5.3, 6.5] | O70: 95% CI | Q70: Yes
A71: Nigeria | B71: Bouillon | C71: 1 | D71: Fourth | E71: Non-pregnant WRA | F71: consumption | G71: amount of vehicle consumed daily | H71: Vehicle consumption by WRA -- amount | I71: mean | J71: g/day | K71: 2021 | L71: NFCMS, Table 170, p 222 | M71: 4.9 | N71: [4.3, 5.4] | O71: 95% CI | Q71: Yes
A72: Nigeria | B72: Bouillon | C72: 1 | D72: Highest | E72: Non-pregnant WRA | F72: consumption | G72: amount of vehicle consumed daily | H72: Vehicle consumption by WRA -- amount | I72: mean | J72: g/day | K72: 2021 | L72: NFCMS, Table 170, p 222 | M72: 4.6 | N72: [4.1, 5.2] | O72: 95% CI | Q72: Yes
A73: Nigeria | B73: Bouillon | C73: 1 | D73: Total | E73: Non-pregnant WRA | F73: consumption | G73: amount of vehicle consumed daily | H73: Vehicle consumption by WRA -- amount | I73: standard deviation | J73: g/day | K73: 2021 | L73: NFCMS, Table 170, p 222 | M73: =(8-3.9)/1.35 -> 3.037037 | Q73: No, GF did not provide SD | R73: Assuming normal distribution
A74: Nigeria | B74: Bouillon | C74: 1 | D74: Lowest | E74: Non-pregnant WRA | F74: consumption | G74: amount of vehicle consumed daily | H74: Vehicle consumption by WRA -- amount | I74: standard deviation | J74: g/day | K74: 2021 | L74: NFCMS, Table 170, p 222 | M74: =(10.5-5.6)/1.35 -> 3.6296296 | Q74: No, GF did not provide SD | R74: Assuming normal distribution
A75: Nigeria | B75: Bouillon | C75: 1 | D75: Second | E75: Non-pregnant WRA | F75: consumption | G75: amount of vehicle consumed daily | H75: Vehicle consumption by WRA -- amount | I75: standard deviation | J75: g/day | K75: 2021 | L75: NFCMS, Table 170, p 222 | M75: =(9.9-5.7)/1.35 -> 3.1111111 | Q75: No, GF did not provide SD | R75: Assuming normal distribution
A76: Nigeria | B76: Bouillon | C76: 1 | D76: Middle | E76: Non-pregnant WRA | F76: consumption | G76: amount of vehicle consumed daily | H76: Vehicle consumption by WRA -- amount | I76: standard deviation | J76: g/day | K76: 2021 | L76: NFCMS, Table 170, p 222 | M76: =(7.6-3.6)/1.35 -> 2.962963 | Q76: No, GF did not provide SD | R76: Assuming normal distribution
A77: Nigeria | B77: Bouillon | C77: 1 | D77: Fourth | E77: Non-pregnant WRA | F77: consumption | G77: amount of vehicle consumed daily | H77: Vehicle consumption by WRA -- amount | I77: standard deviation | J77: g/day | K77: 2021 | L77: NFCMS, Table 170, p 222 | M77: =(6.2-2.9)/1.35 -> 2.4444444 | Q77: No, GF did not provide SD | R77: Assuming normal distribution
A78: Nigeria | B78: Bouillon | C78: 1 | D78: Highest | E78: Non-pregnant WRA | F78: consumption | G78: amount of vehicle consumed daily | H78: Vehicle consumption by WRA -- amount | I78: standard deviation | J78: g/day | K78: 2021 | L78: NFCMS, Table 170, p 222 | M78: =(5.6-3.3)/1.35 -> 1.7037037 | Q78: No, GF did not provide SD | R78: Assuming normal distribution
A79: Nigeria | B79: Bouillon | C79: 1 | D79: Total | E79: Pregnant women | F79: consumption | G79: amount of vehicle consumed daily | H79: Vehicle consumption by WRA -- amount | I79: mean | J79: g/day | K79: 2021 | L79: NFCMS, Table 170, p 222 | M79: 6.7 | N79: [6.0, 7.3] | O79: 95% CI | P79: 0.3 | Q79: No, GF used non-pregnant WRA for all WRA and children U5 values for wheat
A80: Nigeria | B80: Bouillon | C80: 1 | D80: Total | E80: Pregnant women | F80: consumption | G80: amount of vehicle consumed daily | H80: Vehicle consumption by WRA -- amount | I80: standard deviation | J80: g/day | K80: 2021 | L80: NFCMS, Table 170, p 222 | M80: =(8.6-3.9)/1.35 -> 3.4814815 | Q80: No, GF did not provide SD | R80: Assuming normal distribution
A81: Nigeria | B81: Bouillon | C81: 1 | D81: Total | E81: Children U5 | F81: consumption | G81: amount of vehicle consumed daily | H81: Vehicle consumption by U5 children -- amount | I81: mean | J81: g/day | K81: 2021 | L81: NFCMS, Table 171, p 223 | M81: 4.2 | N81: [4.0, 4.5] | Q81: No, GF did not provide children specific numbers in new spreadsheet
A82: Nigeria | B82: Bouillon | C82: 1 | D82: Total | E82: Children U5 - male | F82: consumption | G82: amount of vehicle consumed daily | H82: Vehicle consumption by U5 children -- amount | I82: mean | J82: g/day | K82: 2021 | L82: NFCMS, Table 171, p 223 | M82: 4.3 | N82: [4.0, 4.6] | Q82: No, GF did not provide children specific numbers in new spreadsheet
A83: Nigeria | B83: Bouillon | C83: 1 | D83: Total | E83: Children U5 - female | F83: consumption | G83: amount of vehicle consumed daily | H83: Vehicle consumption by U5 children -- amount | I83: mean | J83: g/day | K83: 2021 | L83: NFCMS, Table 171, p 223 | M83: 4.1 | N83: [3.8, 4.4] | Q83: No, GF did not provide children specific numbers in new spreadsheet
A84: Nigeria | B84: Bouillon | C84: 1 | D84: Total | E84: Children U5 | F84: consumption | G84: amount of vehicle consumed daily | H84: Vehicle consumption by U5 children -- amount | I84: standard deviation | J84: g/day | K84: 2021 | L84: NFCMS, Table 171, p 223 | M84: =(5.5-2.5)/1.35 -> 2.2222222 | Q84: No, GF did not provide SD
A85: Nigeria | B85: Bouillon | C85: 1 | D85: Total | E85: Children U5 - male | F85: consumption | G85: amount of vehicle consumed daily | H85: Vehicle consumption by U5 children -- amount | I85: standard deviation | J85: g/day | K85: 2021 | L85: NFCMS, Table 171, p 223 | M85: =(5.6-2.5)/1.35 -> 2.2962963 | Q85: No, GF did not provide SD
A86: Nigeria | B86: Bouillon | C86: 1 | D86: Total | E86: Children U5 - female | F86: consumption | G86: amount of vehicle consumed daily | H86: Vehicle consumption by U5 children -- amount | I86: standard deviation | J86: g/day | K86: 2021 | L86: NFCMS, Table 171, p 223 | M86: =(5.4-2.4)/1.35 -> 2.2222222 | Q86: No, GF did not provide SD
A87: Nigeria | B87: Bouillon | C87: 1 | D87: Total | E87: All | F87: consolidation | G87: proportion of vehicle produced by industrial-scale facilities and therefore deemed fortifiable | H87: Vehicle "fortifiability" (essentially amount industrially produced) | I87: percentage | J87: % | K87: 2025 | L87: Dashboard Update 10/25 | M87: 95 | Q87: No (N/A reported in GF Background Data Sheet 20260928) | S87: GF Input Sheet 20260416
A88: Nigeria | B88: Bouillon | C88: 1 | D88: Total | E88: All | F88: consolidation | G88: proportion of vehicle produced by industrial-scale facilities and therefore deemed fortifiable | H88: Vehicle "fortifiability" (essentially amount industrially produced) | I88: percentage | J88: % | K88: 2025 | M88: N/A | Q88: Yes | R88: Not sure why this is N/A?? | S88: N/A in the GF Background Data Sheet
A89: Nigeria | B89: Rice | C89: 1 | D89: Total | E89: All | F89: coverage | G89: use of vehicle, regardless of fortification | H89: Vehicle consumption by WRA -- any | I89: percentage | J89: % | K89: 2021 | L89: INTAKE | M89: 53.6 | Q89: Yes, BUT potentially incorrect rounding error in their sheet? They put 54.0 as their value.
A90: Nigeria | B90: Rice | C90: 1 | D90: Lowest | E90: All | F90: coverage | G90: use of vehicle, regardless of fortification | H90: Vehicle consumption by WRA -- any | I90: percentage | J90: % | K90: 2021 | L90: INTAKE | M90: 33.6 | Q90: Yes
A91: Nigeria | B91: Rice | C91: 1 | D91: Second | E91: All | F91: coverage | G91: use of vehicle, regardless of fortification | H91: Vehicle consumption by WRA -- any | I91: percentage | J91: % | K91: 2021 | L91: INTAKE | M91: 44.8 | Q91: Yes
A92: Nigeria | B92: Rice | C92: 1 | D92: Middle | E92: All | F92: coverage | G92: use of vehicle, regardless of fortification | H92: Vehicle consumption by WRA -- any | I92: percentage | J92: % | K92: 2021 | L92: INTAKE | M92: 54.6 | Q92: Yes
A93: Nigeria | B93: Rice | C93: 1 | D93: Fourth | E93: All | F93: coverage | G93: use of vehicle, regardless of fortification | H93: Vehicle consumption by WRA -- any | I93: percentage | J93: % | K93: 2021 | L93: INTAKE | M93: 63.3 | Q93: Yes
A94: Nigeria | B94: Rice | C94: 1 | D94: Highest | E94: All | F94: coverage | G94: use of vehicle, regardless of fortification | H94: Vehicle consumption by WRA -- any | I94: percentage | J94: % | K94: 2021 | L94: INTAKE | M94: 67.6 | Q94: yes
A95: Nigeria | B95: Rice | C95: 1 | D95: Total | E95: All | F95: consumption | G95: amount of vehicle consumed daily | H95: Vehicle consumption by WRA -- amount | I95: mean | J95: g/day | K95: 2026 | L95: M4N Database | M95: 38 | Q95: Yes
A96: Nigeria | B96: Rice | C96: 1 | D96: Total | E96: Non-pregnant WRA | F96: consumption | G96: amount of vehicle consumed daily | H96: Vehicle consumption by WRA -- amount | I96: mean | J96: g/day | K96: 2021 | L96: NFCMS, Table 172, p 224 | M96: 61.2 | N96: [56.4, 66.1] | O96: 95% CI | P96: 2.5 | Q96: No, they updated total consumption in GF Background Data Sheet 20260928 with M4N Database for source (value shown in the row above, cell L96), but wealth quintile values stay the same (from NFCMS, 2021)
A97: Nigeria | B97: Rice | C97: 1 | D97: Lowest | E97: Non-pregnant WRA | F97: consumption | G97: amount of vehicle consumed daily | H97: Vehicle consumption by WRA -- amount | I97: mean | J97: g/day | K97: 2021 | L97: NFCMS, Table 172, p 224 | M97: 34.2 | N97: [26.2, 42.2] | O97: 95% CI | P97: 4.1 | Q97: Yes, BUT maybe a typo on their sheet? They put 34.1?
A98: Nigeria | B98: Rice | C98: 1 | D98: Second | E98: Non-pregnant WRA | F98: consumption | G98: amount of vehicle consumed daily | H98: Vehicle consumption by WRA -- amount | I98: mean | J98: g/day | K98: 2021 | L98: NFCMS, Table 172, p 224 | M98: 52.4 | N98: [43.8, 61.0] | O98: 95% CI | P98: 4.4 | Q98: Yes
A99: Nigeria | B99: Rice | C99: 1 | D99: Middle | E99: Non-pregnant WRA | F99: consumption | G99: amount of vehicle consumed daily | H99: Vehicle consumption by WRA -- amount | I99: mean | J99: g/day | K99: 2021 | L99: NFCMS, Table 172, p 224 | M99: 60.7 | N99: [53.4, 67.9] | O99: 95% CI | P99: 3.7 | Q99: Yes
A100: Nigeria | B100: Rice | C100: 1 | D100: Fourth | E100: Non-pregnant WRA | F100: consumption | G100: amount of vehicle consumed daily | H100: Vehicle consumption by WRA -- amount | I100: mean | J100: g/day | K100: 2021 | L100: NFCMS, Table 172, p 224 | M100: 73.7 | N100: [68.5, 78.9] | O100: 95% CI | P100: 2.6 | Q100: Yes
...

Sheet MN baseline fortification
A1: Country | B1: Vehicle | C1: Fortificant | D1: Model | E1: Quintile | F1: Term | G1: Term definition | H1: Data need | I1: Data point name | J1: Units | K1: Year | L1: Data source | M1: Value | N1: 95% CI | O1: Current GF input? | P1: Limitations | Q1: Notes
A2: Nigeria | B2: Wheat | C2: Iron | D2: 2 | E2: Total | F2: baseline fortification | H2: Vehicle fortication at baseline -- any | I2: percentage | J2: % | K2: 2022 | L2: NFCMS, Table 146, p 191 | M2: 12.6 | O2: No, not an input for GF | Q2: any level of fortification
A3: Nigeria | B3: Wheat | C3: Iron | D3: 2 | E3: Total | F3: nutrient concentration | H3: Vehicle fortication at baseline -- amount among fortified | I3: concentration | J3: ppm | K3: 2021 | L3: NFCMS, Table 178, p 229 | M3: 53.9 | O3: SHOULD CONFIRM WITH GF No, they don't include nutrient concentrations in their input sheet | Q3: mean iron concentration in fortified samples
A4: Nigeria | B4: Wheat | C4: Iron | D4: 2 | E4: Total | F4: nutrient concentration | H4: Vehicle fortication at baseline -- amount among fortified | I4: concentration | J4: ppm | K4: 2021 | L4: NFCMS,Table | M4: 40 | O4: SHOULD CONFIRM WITH GF No, they don't include nutrient concentrations in their input sheet
A5: Nigeria | B5: Wheat | C5: Iron | D5: 2 | E5: Total | F5: compliance | G5: proportion of of fortifiable product that is actually fortified and meets standard | H5: Baseline effective % of fortified | I5: percentage | J5: % | K5: 2026 | L5: M4N Database | M5: 63 | O5: Yes | Q5: they don't have specific values for MN, so this number is for every MN
A6: Nigeria | B6: Wheat | C6: Iron | D6: 2 | E6: Total | F6: compliance | G6: proportion of of fortifiable product that is actually fortified and meets standard | H6: Baseline effective % of fortified | I6: percentage | J6: % | L6: NFCMS, Figure 28, p 229 | M6: 73 | O6: No | Q6: fortified "at or above standard"
A7: Nigeria | B7: Wheat | C7: Iron | D7: 2 | E7: Total | F7: effective coverage | G7: coverage x consolidation x compliance | H7: idk | I7: percentage | J7: % | L7: calculated from previous inputs | M7: 17.6 | O7: Yes | Q7: they don't have specific values for MN, so this number is for every MN
A8: Nigeria | B8: Wheat | C8: Folic Acid | D8: 2 | E8: Total | F8: baseline fortification | H8: Vehicle fortication at baseline -- any | I8: percentage | J8: % | L8: Assumption | M8: 0 | O8: No, not an input for GF
A9: Nigeria | B9: Wheat | C9: Folic Acid | D9: 2 | E9: Total | F9: nutrient concentration | H9: Vehicle fortication at baseline -- amount among fortified | I9: concentration | J9: ppm | L9: Assumption | M9: 0 | O9: SHOULD CONFIRM WITH GF No, they don't include nutrient concentrations in their input sheet | Q9: irrelevant bc fortification % is at 0?
A10: Nigeria | B10: Wheat | C10: Folic Acid | D10: 2 | E10: Total | F10: compliance | G10: proportion of of fortifiable product that is actually fortified and meets standard | H10: Baseline effective % of fortified | I10: percentage | J10: % | L10: Assumption | M10: 0 | O10: No | Q10: GF Input in their 20260416 input (I am assuming N/A means 0)
A11: Nigeria | B11: Wheat | C11: Folic Acid | D11: 2 | E11: Total | F11: compliance | G11: proportion of of fortifiable product that is actually fortified and meets standard | H11: Baseline effective % of fortified | I11: percentage | J11: % | L11: Assumption | M11: 63 | O11: Yes | Q11: they don't have specific values for MN, so this number is for every MN
A12: Nigeria | B12: Wheat | C12: Folic Acid | D12: 2 | E12: Total | F12: effective coverage | G12: coverage x consolidation x compliance | H12: idk | I12: percentage | J12: % | L12: assumption | M12: 0 | O12: No | Q12: Assumption using the GF Input of N/A
A13: Nigeria | B13: Wheat | C13: Folic Acid | D13: 2 | E13: Total | F13: effective coverage | G13: coverage x consolidation x compliance | H13: idk | I13: percentage | J13: % | L13: calculated from previous inputs | M13: 17.6 | O13: Yes | Q13: they don't have specific values for MN, so this number is for every MN
A14: Nigeria | B14: Salt | C14: Folic Acid | D14: 2 | E14: Total | F14: baseline fortification | H14: Vehicle fortication at baseline -- any | I14: percentage | J14: % | L14: Assumption | M14: 0 | O14: No, not an input for GF | Q14: no input, but Nigeria doesn't currently fortify salt for anything except iodine: https://www.technoserve.org/wp-content/uploads/2022/08/Premix-Study-Full-Report.pdf (table 2)
A15: Nigeria | B15: Salt | C15: Folic Acid | D15: 2 | E15: Total | F15: nutrient concentration | H15: Vehicle fortication at baseline -- amount among fortified | I15: concentration | J15: ppm | L15: Assumption | M15: 0 | O15: SHOULD CONFIRM WITH GF No, they don't include nutrient concentrations in their input sheet | Q15: irrelevant bc fortification % is at 0
A16: Nigeria | B16: Salt | C16: Folic Acid | D16: 2 | E16: Total | F16: compliance | G16: proportion of of fortifiable product that is actually fortified and meets standard | H16: Baseline effective % of fortified | I16: percentage | J16: % | L16: Assumption | M16: 0 | O16: Yes | Q16: no input, but Nigeria doesn't currently fortify salt for anything except iodine: https://www.technoserve.org/wp-content/uploads/2022/08/Premix-Study-Full-Report.pdf (table 2)
A17: Nigeria | B17: Salt | C17: Folic Acid | D17: 2 | E17: Total | F17: effective coverage | G17: coverage x consolidation x compliance | H17: idk | I17: percentage | J17: % | L17: calculated from previous inputs | M17: 0 | O17: Yes | Q17: I am assuming N/A means 0
A18: Nigeria | B18: Bouillon | C18: Iron | D18: 1 | E18: Total | F18: baseline fortification | H18: Vehicle fortication at baseline -- any | I18: percentage | J18: % | L18: NFCMS, Table 146, p 191 | M18: =60.7/'Vehicle Consumption'!M59*100 -> 61.875637 | O18: No | Q18: Assumption: labeled as fortified = fortified (basically true for salt). Divided "consumed food labeled as fortified" by "consumed food".
A19: Nigeria | B19: Bouillon | C19: Iron | D19: 1 | E19: Lowest | F19: baseline fortification | H19: Vehicle fortication at baseline -- any | I19: percentage | J19: % | L19: NFCMS, Table 146, p 191 | M19: =50/'Vehicle Consumption'!M60*100 -> 51.92108 | O19: No | Q19: Assumption: labeled as fortified = fortified (basically true for salt). Divided "consumed food labeled as fortified" by "consumed food".
A20: Nigeria | B20: Bouillon | C20: Iron | D20: 1 | E20: Second | F20: baseline fortification | H20: Vehicle fortication at baseline -- any | I20: percentage | J20: % | L20: NFCMS, Table 146, p 191 | M20: =57.3/'Vehicle Consumption'!M61*100 -> 58.409786 | O20: No | Q20: Assumption: labeled as fortified = fortified (basically true for salt). Divided "consumed food labeled as fortified" by "consumed food".
A21: Nigeria | B21: Bouillon | C21: Iron | D21: 1 | E21: Middle | F21: baseline fortification | H21: Vehicle fortication at baseline -- any | I21: percentage | J21: % | L21: NFCMS, Table 146, p 191 | M21: =63.3/'Vehicle Consumption'!M62*100 -> 63.810484 | O21: No | Q21: Assumption: labeled as fortified = fortified (basically true for salt). Divided "consumed food labeled as fortified" by "consumed food".
A22: Nigeria | B22: Bouillon | C22: Iron | D22: 1 | E22: Fourth | F22: baseline fortification | H22: Vehicle fortication at baseline -- any | I22: percentage | J22: % | L22: NFCMS, Table 146, p 191 | M22: =66/'Vehicle Consumption'!M63*100 -> 66.93712 | O22: No | Q22: Assumption: labeled as fortified = fortified (basically true for salt). Divided "consumed food labeled as fortified" by "consumed food".
A23: Nigeria | B23: Bouillon | C23: Iron | D23: 1 | E23: Highest | F23: baseline fortification | H23: Vehicle fortication at baseline -- any | I23: percentage | J23: % | L23: NFCMS, Table 146, p 191 | M23: =69/'Vehicle Consumption'!M64*100 -> 69.979716 | O23: No | Q23: Assumption: labeled as fortified = fortified (basically true for salt). Divided "consumed food labeled as fortified" by "consumed food".
A24: India | B24: Rice | F24: compliance | H24: Baseline effective % of fortified | I24: percentage | J24: % | M24: 50 | Q24: this is for government rice only

Sheet MN intervention fortification
A1: Country | B1: Vehicle | C1: Fortificant | D1: Scenario | E1: Data need | F1: Data point name | G1: Units | H1: Data source | I1: Value | J1: Notes
A2: Nigeria | B2: Wheat | C2: Iron | D2: Intervention | E2: Intervention coverage % of fortifiable | F2: percentage | G2: % | H2: GF Input 2035 Compliance | I2: =SQRT(1)*100 -> 100 | J2: coverage = effectiveness = 1 (100%)
A3: Nigeria | B3: Wheat | C3: Folic Acid | D3: Intervention | E3: Intervention coverage % of fortifiable | F3: percentage | G3: % | H3: GF Input 2035 Compliance | I3: =SQRT(1)*100 -> 100 | J3: coverage = effectiveness = 1 (100%)
A4: Nigeria | B4: Salt | C4: Folic Acid | D4: Intervention | E4: Intervention coverage % of fortifiable | F4: percentage | G4: %
A5: Nigera | B5: Wheat | C5: Iron | D5: Total | E5: Vehicle fortification in intervention -- amount among fortified | F5: concentration | G5: ppm | H5: TechnoServe, 2019; Table 2 | I5: 40 | J5: Nigeria Mandatory Fortification Standards; no value in GF input file; originally given as mg/kg, which is equivalent to ppm and mcg/g
A6: Nigera | B6: Wheat | C6: Folic Acid | D6: Total | E6: Vehicle fortification in intervention -- amount among fortified | F6: concentration | G6: ppm | H6: TechnoServe, 2019; Table 2 | I6: 2.6 | J6: Nigeria Mandatory Fortification Standards; no value in GF input file; originally given as mg/kg, which is equivalent to ppm and mcg/g
A7: Nigera | B7: Salt | C7: Folic Acid | D7: Total | E7: Vehicle fortification in intervention -- amount among fortified | F7: concentration | G7: ppm

Sheet Biology
A1: Data need | B1: Measure | C1: Units | D1: Value | E1: Uncertainty | F1: Year | G1: Data source author | H1: Data source Title | I1: URL | J1: Notes
A2: baseline RBC folate distribution | F2: 2026 | G2: Berihu et al. | H2: High prevalence and associated factors of red blood cell folate deficiency among first-trimester pregnant women in a neural tube defect high-risk Region of Tigray, Northern Ethiopia | I2: https://pubmed.ncbi.nlm.nih.gov/42623418/
A3: lack of good serum folate threshold for NTDs | F3: 2025 | G3: Tesfaye et al. | H3: Serum Folate Concentration Corresponding to the Red Blood Cell Folate Threshold for Increased Risk of Neural Tube Defects Among Ethiopian Women of Reproductive Age | I3: https://onlinelibrary.wiley.com/doi/full/10.1111/mcn.70121
A4: RBC folate effect on NTD incidence | F4: 2014 | G4: Crider et al.* | H4: Population red blood cell folate concentrations for prevention of neural tube defects: Bayesian model | I4: https://pubmed.ncbi.nlm.nih.gov/25073783/
A5: anemia etiology in Ethiopia | F5: 2022 | G5: Andersen et al.* | H5: Anemia Etiology in Ethiopia: Assessment of Nutritional, Infectious Disease, and Other Risk Factors in a Population-Based Cross-Sectional Survey of Women, Men, and Children | I5: https://pubmed.ncbi.nlm.nih.gov/34647598/

Sheet Sheet1
A1: Vehicle | B1: Data need | C1: Data point name | D1: Units | E1: Year | F1: Data source | G1: Value | H1: CI | I1: Notes
A2: Rice | B2: Iron fortification/consumption effect on hemoglobin | C2: Mean difference | D2: g/L | E2: Unpublished | F2: Dorbu et al. Nutritional anemia reductions due to food fortification among women of childbearing age: a systematic review and Bayesian meta-analysis. Unpublished data. | G2: 3.25 | H2: 0.9-5.71 | I2: "This comes from a slide deck that Jonathan send to Abie. It is credited to Helena.Pachon@emory.edu". There are also https://doi.org/10.1080/09637486.2020.1855126 and https://iris.who.int/bitstream/handle/10665/272535/9789241550291-eng.pdf?ua=1 which report similar-ish numbers but this is the one we got from Gates.
A3: Salt | B3: Iron fortification/consumption effect on hemoglobin | C3: Mean difference | D3: g/L | E3: 2021 | F3: Can Double Fortification of Salt with Iron and Iodine Reduce Anemia, Iron Deficiency Anemia, Iron Deficiency, Iodine Deficiency, and Functional Outcomes? Evidence of Efficacy, Effectiveness, and Safety | G3: 4.4 | H3: 2.3-6.4 | I3: https://www.ncbi.nlm.nih.gov/pmc/articles/PMC7882357/; meta-analysis of 22 studies
A4: Bouillon | B4: Iron fortification/consumption effect on hemoglobin | C4: Mean difference | D4: g/L | E4: 2012 | F4: Effect of iron-fortified foods on hematologic and biological outcomes: systematic review of randomized controlled trials | G4: 4.2 | H4: 2.8-5.6 | I4: https://www.sciencedirect.com/science/article/pii/S0002916523028915; could not find anything bouillon-specific
A6: Rice | B6: Iron fortification/consumption effect on birthweight | C6: Mean difference | D6: g/(mg/person-day) | E6: 2013 | F6: Anaemia, prenatal iron use, and risk of adverse pregnancy outcomes: systematic review and meta-analysis | G6: 1.67 | H6: 0.729 to 2.611 | I6: https://www.bmj.com/content/346/bmj.f3443; study of supplementation at higher doses than fortification; selected the effect among trials <66mg/day as all fortification would fall in this range
A7: Bouillon | B7: Iron fortification/consumption effect on birthweight | C7: Mean difference | D7: g/(mg/person-day) | E7: 2013 | F7: Anaemia, prenatal iron use, and risk of adverse pregnancy outcomes: systematic review and meta-analysis | G7: 1.67 | H7: 0.729 to 2.611 | I7: https://www.bmj.com/content/346/bmj.f3443; study of supplementation at higher doses than fortification; selected the effect among trials <66mg/day as all fortification would fall in this range
A9: Wheat | B9: Iron fortification/consumption effect on hemoglobin | C9: Mean difference
